id,title,description,instructor,topics,price,thumbnail_image
course_0,Sharable next generation workforce,"This wish every still generation. Interesting course book position person. Strategy nice though cold raise lay.
About activity everybody thousand. Effort author which focus down.",Jessica Turner,"{down,save,likely,discover,star}",12.59,
course_1,Synchronized directional artificial intelligence,News phone join fast citizen. Score official yeah her. Drive court though return later.,Alyssa Decker,"{power,tonight,beat,lot,according}",125.87,
course_2,De-engineered 4thgeneration knowledge user,"Seek gun drug culture million close field. Relationship energy surface father ready have wife natural. Four game its than.
Technology know list to you son. Cause share only fish.",Edward Rice,"{authority,head,discussion,simply,majority}",174.72,
course_3,Horizontal systemic utilization,"Tree attention list perhaps plan teach. Audience culture physical child method assume. Call product game subject short.
World marriage national machine perhaps these man. Show city pull hope contain.",Jeff Yang,"{office,environment,back}",192.54,
course_4,Organic grid-enabled portal,Bill decide wide century. Government plan development process reveal wind. Nice nice over ability. Look also marriage partner.,Patricia Vasquez,"{interest,significant}",194.82,
course_5,Triple-buffered homogeneous circuit,"Fish national watch. Score voice city free enter health fly. Simply build send mean medical.
Woman imagine impact many guess people Mrs. Sea factor section without impact.",Shane Wallace,"{law,should,floor,family}",178.7,
course_6,Ergonomic impactful analyzer,Suddenly movement open spring force writer determine. Any coach agency resource sister should single. Single art professional but return.,James Kim,"{water,use,learn,maintain,leg}",18.01,
course_7,Centralized bandwidth-monitored interface,Manager address teach arrive oil protect. Even unit eight nation. His process mission idea relate institution friend.,William Johnson,"{low,part,fear,risk}",37.82,
course_8,Self-enabling next generation service-desk,Including rest bill condition individual cup. Take price current specific financial entire war.,Amy Carr,"{why,morning}",68.75,
course_9,Multi-lateral human-resource model,"Field the focus star hard. History finish science need land.
Total that may control as join. Condition way skill produce. Human somebody into piece management.",Debra Norton,"{strategy,but,if,night}",181.21,
course_10,Switchable demand-driven support,"Record contain strong per measure. Know key energy southern. You fear local attack born help history.
Look apply about you minute. Age drop financial television wish interesting right.",Lori Burns,"{month,ok,crime,network,fill}",188.17,
course_11,Future-proofed tangible architecture,"Start understand style seem. Change talk wear Republican.
Relationship care amount third you able hundred. Fast teacher participant month energy maintain free. Article many life feeling such other.",Jason Thomas,"{deal,man,grow,Mr}",68.56,
course_12,Configurable 24hour system engine,"Although already hit seek southern. Thus difference music structure enter dog grow.
Bank question really hard question field by. The respond cultural court. Memory list because address billion do.",Mary Herrera,"{show,send,soldier,free}",49.56,
course_13,Integrated full-range matrices,"Best performance what keep remember course. Politics bring main pretty rest.
Song mission everybody. Second light anything southern much. Draw own person government line.",Angela Cooper,"{health,mention,environment,effort,heart}",165.93,
course_14,Synergized disintermediate definition,Senior finish before trouble series other report. Number us cost later party certainly step. However remember against.,Alyssa Walsh,"{dark,media,under,election,relate}",148.69,
course_15,Cross-platform multi-tasking intranet,Traditional yard spring day assume any. Meet six four too three author. Fund increase however condition size meet trouble school.,Dawn Cuevas,"{report,cup,court,in}",132.72,
course_16,Assimilated empowering software,"Mr become enter each. Despite cost enjoy article author. When trouble attorney other.
Model Congress maintain yet road stuff. Approach write career employee group thousand manage.",Danielle Payne,"{describe,attention,still,television}",159.46,
course_17,Total homogeneous secured line,"Already my agree answer man as late.
Recognize cost may fill out. Picture shake professional activity. Future offer on happy significant right human.",Rebecca Gomez,"{him,that,game,rate}",187.63,
course_18,Grass-roots logistical alliance,People among responsibility worker. May stage quality else black appear. Outside data the like Democrat identify.,Anthony Payne,"{especially,land,could}",191.34,
course_19,Triple-buffered even-keeled interface,"Peace soldier popular choose. Matter fish final large. Daughter also campaign ground take.
College throughout message act claim baby. Task reach and technology kid. Market unit inside movie history.",Hector Barr,"{mother,simply,reveal,few}",107.81,
