id,transactionId,moduleId
prog_tran_0_module_18_13,tran_0,module_18_13
prog_tran_0_module_18_17,tran_0,module_18_17
prog_tran_0_module_18_16,tran_0,module_18_16
prog_tran_0_module_18_14,tran_0,module_18_14
prog_tran_0_module_18_0,tran_0,module_18_0
prog_tran_0_module_18_11,tran_0,module_18_11
prog_tran_0_module_18_15,tran_0,module_18_15
prog_tran_0_module_18_12,tran_0,module_18_12
prog_tran_0_module_18_18,tran_0,module_18_18
prog_tran_0_module_18_7,tran_0,module_18_7
prog_tran_0_module_18_10,tran_0,module_18_10
prog_tran_0_module_18_1,tran_0,module_18_1
prog_tran_0_module_18_19,tran_0,module_18_19
prog_tran_1_module_15_4,tran_1,module_15_4
prog_tran_1_module_15_19,tran_1,module_15_19
prog_tran_1_module_15_15,tran_1,module_15_15
prog_tran_2_module_19_12,tran_2,module_19_12
prog_tran_2_module_19_7,tran_2,module_19_7
prog_tran_2_module_19_1,tran_2,module_19_1
prog_tran_2_module_19_0,tran_2,module_19_0
prog_tran_2_module_19_10,tran_2,module_19_10
prog_tran_2_module_19_8,tran_2,module_19_8
prog_tran_2_module_19_15,tran_2,module_19_15
prog_tran_2_module_19_2,tran_2,module_19_2
prog_tran_2_module_19_3,tran_2,module_19_3
prog_tran_2_module_19_13,tran_2,module_19_13
prog_tran_2_module_19_4,tran_2,module_19_4
prog_tran_2_module_19_19,tran_2,module_19_19
prog_tran_2_module_19_16,tran_2,module_19_16
prog_tran_3_module_16_15,tran_3,module_16_15
prog_tran_3_module_16_17,tran_3,module_16_17
prog_tran_3_module_16_6,tran_3,module_16_6
prog_tran_3_module_16_16,tran_3,module_16_16
prog_tran_4_module_14_10,tran_4,module_14_10
prog_tran_4_module_14_13,tran_4,module_14_13
prog_tran_4_module_14_9,tran_4,module_14_9
prog_tran_4_module_14_11,tran_4,module_14_11
prog_tran_4_module_14_16,tran_4,module_14_16
prog_tran_4_module_14_1,tran_4,module_14_1
prog_tran_4_module_14_0,tran_4,module_14_0
prog_tran_4_module_14_5,tran_4,module_14_5
prog_tran_4_module_14_14,tran_4,module_14_14
prog_tran_4_module_14_8,tran_4,module_14_8
prog_tran_4_module_14_19,tran_4,module_14_19
prog_tran_4_module_14_4,tran_4,module_14_4
prog_tran_4_module_14_2,tran_4,module_14_2
prog_tran_4_module_14_7,tran_4,module_14_7
prog_tran_4_module_14_6,tran_4,module_14_6
prog_tran_4_module_14_3,tran_4,module_14_3
prog_tran_4_module_14_17,tran_4,module_14_17
prog_tran_4_module_14_15,tran_4,module_14_15
prog_tran_4_module_14_12,tran_4,module_14_12
prog_tran_5_module_12_5,tran_5,module_12_5
prog_tran_5_module_12_15,tran_5,module_12_15
prog_tran_5_module_12_13,tran_5,module_12_13
prog_tran_5_module_12_3,tran_5,module_12_3
prog_tran_5_module_12_17,tran_5,module_12_17
prog_tran_5_module_12_19,tran_5,module_12_19
prog_tran_5_module_12_14,tran_5,module_12_14
prog_tran_5_module_12_10,tran_5,module_12_10
prog_tran_5_module_12_8,tran_5,module_12_8
prog_tran_5_module_12_6,tran_5,module_12_6
prog_tran_5_module_12_0,tran_5,module_12_0
prog_tran_5_module_12_18,tran_5,module_12_18
prog_tran_5_module_12_2,tran_5,module_12_2
prog_tran_5_module_12_7,tran_5,module_12_7
prog_tran_5_module_12_9,tran_5,module_12_9
prog_tran_5_module_12_11,tran_5,module_12_11
prog_tran_5_module_12_16,tran_5,module_12_16
prog_tran_6_module_13_15,tran_6,module_13_15
prog_tran_7_module_13_2,tran_7,module_13_2
prog_tran_7_module_13_4,tran_7,module_13_4
prog_tran_7_module_13_7,tran_7,module_13_7
prog_tran_7_module_13_3,tran_7,module_13_3
prog_tran_7_module_13_9,tran_7,module_13_9
prog_tran_7_module_13_5,tran_7,module_13_5
prog_tran_7_module_13_0,tran_7,module_13_0
prog_tran_7_module_13_11,tran_7,module_13_11
prog_tran_7_module_13_18,tran_7,module_13_18
prog_tran_7_module_13_16,tran_7,module_13_16
prog_tran_7_module_13_8,tran_7,module_13_8
prog_tran_7_module_13_12,tran_7,module_13_12
prog_tran_7_module_13_6,tran_7,module_13_6
prog_tran_7_module_13_10,tran_7,module_13_10
prog_tran_7_module_13_17,tran_7,module_13_17
prog_tran_7_module_13_13,tran_7,module_13_13
prog_tran_7_module_13_14,tran_7,module_13_14
prog_tran_7_module_13_19,tran_7,module_13_19
prog_tran_7_module_13_1,tran_7,module_13_1
prog_tran_7_module_13_15,tran_7,module_13_15
prog_tran_8_module_12_7,tran_8,module_12_7
prog_tran_8_module_12_10,tran_8,module_12_10
prog_tran_8_module_12_16,tran_8,module_12_16
prog_tran_8_module_12_1,tran_8,module_12_1
prog_tran_8_module_12_17,tran_8,module_12_17
prog_tran_8_module_12_2,tran_8,module_12_2
prog_tran_8_module_12_9,tran_8,module_12_9
prog_tran_8_module_12_14,tran_8,module_12_14
prog_tran_8_module_12_11,tran_8,module_12_11
prog_tran_8_module_12_19,tran_8,module_12_19
prog_tran_9_module_12_12,tran_9,module_12_12
prog_tran_9_module_12_18,tran_9,module_12_18
prog_tran_9_module_12_2,tran_9,module_12_2
prog_tran_9_module_12_3,tran_9,module_12_3
prog_tran_9_module_12_8,tran_9,module_12_8
prog_tran_9_module_12_16,tran_9,module_12_16
prog_tran_9_module_12_9,tran_9,module_12_9
prog_tran_9_module_12_10,tran_9,module_12_10
prog_tran_9_module_12_5,tran_9,module_12_5
prog_tran_9_module_12_1,tran_9,module_12_1
prog_tran_9_module_12_4,tran_9,module_12_4
prog_tran_9_module_12_13,tran_9,module_12_13
prog_tran_9_module_12_7,tran_9,module_12_7
prog_tran_9_module_12_15,tran_9,module_12_15
prog_tran_9_module_12_11,tran_9,module_12_11
prog_tran_9_module_12_6,tran_9,module_12_6
prog_tran_9_module_12_17,tran_9,module_12_17
prog_tran_9_module_12_19,tran_9,module_12_19
prog_tran_10_module_16_8,tran_10,module_16_8
prog_tran_10_module_16_16,tran_10,module_16_16
prog_tran_10_module_16_1,tran_10,module_16_1
prog_tran_10_module_16_7,tran_10,module_16_7
prog_tran_10_module_16_18,tran_10,module_16_18
prog_tran_10_module_16_5,tran_10,module_16_5
prog_tran_10_module_16_13,tran_10,module_16_13
prog_tran_10_module_16_15,tran_10,module_16_15
prog_tran_10_module_16_9,tran_10,module_16_9
prog_tran_10_module_16_3,tran_10,module_16_3
prog_tran_10_module_16_17,tran_10,module_16_17
prog_tran_10_module_16_4,tran_10,module_16_4
prog_tran_10_module_16_11,tran_10,module_16_11
prog_tran_10_module_16_12,tran_10,module_16_12
prog_tran_10_module_16_2,tran_10,module_16_2
prog_tran_11_module_8_2,tran_11,module_8_2
prog_tran_11_module_8_12,tran_11,module_8_12
prog_tran_11_module_8_9,tran_11,module_8_9
prog_tran_11_module_8_4,tran_11,module_8_4
prog_tran_11_module_8_13,tran_11,module_8_13
prog_tran_11_module_8_1,tran_11,module_8_1
prog_tran_11_module_8_6,tran_11,module_8_6
prog_tran_11_module_8_19,tran_11,module_8_19
prog_tran_11_module_8_8,tran_11,module_8_8
prog_tran_11_module_8_14,tran_11,module_8_14
prog_tran_11_module_8_5,tran_11,module_8_5
prog_tran_11_module_8_3,tran_11,module_8_3
prog_tran_12_module_9_10,tran_12,module_9_10
prog_tran_12_module_9_14,tran_12,module_9_14
prog_tran_12_module_9_2,tran_12,module_9_2
prog_tran_12_module_9_0,tran_12,module_9_0
prog_tran_12_module_9_5,tran_12,module_9_5
prog_tran_12_module_9_19,tran_12,module_9_19
prog_tran_12_module_9_15,tran_12,module_9_15
prog_tran_12_module_9_13,tran_12,module_9_13
prog_tran_13_module_1_2,tran_13,module_1_2
prog_tran_13_module_1_6,tran_13,module_1_6
prog_tran_13_module_1_19,tran_13,module_1_19
prog_tran_13_module_1_17,tran_13,module_1_17
prog_tran_13_module_1_5,tran_13,module_1_5
prog_tran_13_module_1_18,tran_13,module_1_18
prog_tran_13_module_1_15,tran_13,module_1_15
prog_tran_13_module_1_1,tran_13,module_1_1
prog_tran_13_module_1_3,tran_13,module_1_3
prog_tran_13_module_1_11,tran_13,module_1_11
prog_tran_14_module_8_0,tran_14,module_8_0
prog_tran_14_module_8_18,tran_14,module_8_18
prog_tran_15_module_8_7,tran_15,module_8_7
prog_tran_15_module_8_2,tran_15,module_8_2
prog_tran_15_module_8_17,tran_15,module_8_17
prog_tran_15_module_8_6,tran_15,module_8_6
prog_tran_15_module_8_15,tran_15,module_8_15
prog_tran_16_module_18_11,tran_16,module_18_11
prog_tran_16_module_18_3,tran_16,module_18_3
prog_tran_17_module_8_2,tran_17,module_8_2
prog_tran_17_module_8_17,tran_17,module_8_17
prog_tran_17_module_8_18,tran_17,module_8_18
prog_tran_17_module_8_10,tran_17,module_8_10
prog_tran_17_module_8_8,tran_17,module_8_8
prog_tran_17_module_8_1,tran_17,module_8_1
prog_tran_17_module_8_13,tran_17,module_8_13
prog_tran_18_module_18_10,tran_18,module_18_10
prog_tran_18_module_18_19,tran_18,module_18_19
prog_tran_18_module_18_16,tran_18,module_18_16
prog_tran_18_module_18_11,tran_18,module_18_11
prog_tran_18_module_18_5,tran_18,module_18_5
prog_tran_18_module_18_8,tran_18,module_18_8
prog_tran_18_module_18_18,tran_18,module_18_18
prog_tran_18_module_18_6,tran_18,module_18_6
prog_tran_18_module_18_0,tran_18,module_18_0
prog_tran_18_module_18_9,tran_18,module_18_9
prog_tran_18_module_18_2,tran_18,module_18_2
prog_tran_18_module_18_15,tran_18,module_18_15
prog_tran_18_module_18_12,tran_18,module_18_12
prog_tran_18_module_18_3,tran_18,module_18_3
prog_tran_19_module_8_12,tran_19,module_8_12
prog_tran_19_module_8_2,tran_19,module_8_2
prog_tran_19_module_8_9,tran_19,module_8_9
prog_tran_19_module_8_11,tran_19,module_8_11
prog_tran_19_module_8_8,tran_19,module_8_8
prog_tran_19_module_8_7,tran_19,module_8_7
prog_tran_19_module_8_19,tran_19,module_8_19
prog_tran_19_module_8_3,tran_19,module_8_3
prog_tran_19_module_8_16,tran_19,module_8_16
prog_tran_19_module_8_14,tran_19,module_8_14
prog_tran_19_module_8_5,tran_19,module_8_5
prog_tran_19_module_8_0,tran_19,module_8_0
prog_tran_19_module_8_4,tran_19,module_8_4
prog_tran_19_module_8_6,tran_19,module_8_6
prog_tran_19_module_8_10,tran_19,module_8_10
prog_tran_19_module_8_1,tran_19,module_8_1
prog_tran_19_module_8_15,tran_19,module_8_15
prog_tran_20_module_13_2,tran_20,module_13_2
prog_tran_20_module_13_19,tran_20,module_13_19
prog_tran_20_module_13_3,tran_20,module_13_3
prog_tran_20_module_13_16,tran_20,module_13_16
prog_tran_20_module_13_6,tran_20,module_13_6
prog_tran_20_module_13_0,tran_20,module_13_0
prog_tran_20_module_13_14,tran_20,module_13_14
prog_tran_20_module_13_18,tran_20,module_13_18
prog_tran_20_module_13_5,tran_20,module_13_5
prog_tran_20_module_13_11,tran_20,module_13_11
prog_tran_20_module_13_12,tran_20,module_13_12
prog_tran_20_module_13_13,tran_20,module_13_13
prog_tran_20_module_13_9,tran_20,module_13_9
prog_tran_20_module_13_8,tran_20,module_13_8
prog_tran_20_module_13_17,tran_20,module_13_17
prog_tran_21_module_10_3,tran_21,module_10_3
prog_tran_21_module_10_5,tran_21,module_10_5
prog_tran_21_module_10_10,tran_21,module_10_10
prog_tran_21_module_10_18,tran_21,module_10_18
prog_tran_21_module_10_17,tran_21,module_10_17
prog_tran_21_module_10_8,tran_21,module_10_8
prog_tran_21_module_10_15,tran_21,module_10_15
prog_tran_21_module_10_19,tran_21,module_10_19
prog_tran_21_module_10_1,tran_21,module_10_1
prog_tran_22_module_14_16,tran_22,module_14_16
prog_tran_22_module_14_7,tran_22,module_14_7
prog_tran_22_module_14_4,tran_22,module_14_4
prog_tran_22_module_14_17,tran_22,module_14_17
prog_tran_22_module_14_18,tran_22,module_14_18
prog_tran_22_module_14_9,tran_22,module_14_9
prog_tran_22_module_14_10,tran_22,module_14_10
prog_tran_22_module_14_11,tran_22,module_14_11
prog_tran_22_module_14_8,tran_22,module_14_8
prog_tran_22_module_14_15,tran_22,module_14_15
prog_tran_22_module_14_5,tran_22,module_14_5
prog_tran_22_module_14_2,tran_22,module_14_2
prog_tran_23_module_19_6,tran_23,module_19_6
prog_tran_23_module_19_11,tran_23,module_19_11
prog_tran_23_module_19_3,tran_23,module_19_3
prog_tran_23_module_19_18,tran_23,module_19_18
prog_tran_23_module_19_16,tran_23,module_19_16
prog_tran_23_module_19_0,tran_23,module_19_0
prog_tran_23_module_19_17,tran_23,module_19_17
prog_tran_23_module_19_14,tran_23,module_19_14
prog_tran_24_module_18_3,tran_24,module_18_3
prog_tran_25_module_19_12,tran_25,module_19_12
prog_tran_26_module_14_13,tran_26,module_14_13
prog_tran_26_module_14_2,tran_26,module_14_2
prog_tran_26_module_14_1,tran_26,module_14_1
prog_tran_26_module_14_0,tran_26,module_14_0
prog_tran_26_module_14_7,tran_26,module_14_7
prog_tran_26_module_14_6,tran_26,module_14_6
prog_tran_26_module_14_18,tran_26,module_14_18
prog_tran_26_module_14_11,tran_26,module_14_11
prog_tran_26_module_14_12,tran_26,module_14_12
prog_tran_26_module_14_8,tran_26,module_14_8
prog_tran_26_module_14_15,tran_26,module_14_15
prog_tran_26_module_14_4,tran_26,module_14_4
prog_tran_26_module_14_9,tran_26,module_14_9
prog_tran_26_module_14_17,tran_26,module_14_17
prog_tran_26_module_14_14,tran_26,module_14_14
prog_tran_26_module_14_16,tran_26,module_14_16
prog_tran_26_module_14_10,tran_26,module_14_10
prog_tran_27_module_10_15,tran_27,module_10_15
prog_tran_27_module_10_5,tran_27,module_10_5
prog_tran_27_module_10_18,tran_27,module_10_18
prog_tran_27_module_10_16,tran_27,module_10_16
prog_tran_27_module_10_11,tran_27,module_10_11
prog_tran_27_module_10_0,tran_27,module_10_0
prog_tran_27_module_10_17,tran_27,module_10_17
prog_tran_27_module_10_6,tran_27,module_10_6
prog_tran_27_module_10_14,tran_27,module_10_14
prog_tran_27_module_10_7,tran_27,module_10_7
prog_tran_27_module_10_9,tran_27,module_10_9
prog_tran_27_module_10_10,tran_27,module_10_10
prog_tran_27_module_10_2,tran_27,module_10_2
prog_tran_27_module_10_12,tran_27,module_10_12
prog_tran_28_module_19_2,tran_28,module_19_2
prog_tran_28_module_19_0,tran_28,module_19_0
prog_tran_28_module_19_4,tran_28,module_19_4
prog_tran_28_module_19_11,tran_28,module_19_11
prog_tran_28_module_19_6,tran_28,module_19_6
prog_tran_28_module_19_14,tran_28,module_19_14
prog_tran_28_module_19_12,tran_28,module_19_12
prog_tran_28_module_19_8,tran_28,module_19_8
prog_tran_28_module_19_7,tran_28,module_19_7
prog_tran_28_module_19_9,tran_28,module_19_9
prog_tran_28_module_19_3,tran_28,module_19_3
prog_tran_28_module_19_15,tran_28,module_19_15
prog_tran_28_module_19_10,tran_28,module_19_10
prog_tran_28_module_19_18,tran_28,module_19_18
prog_tran_28_module_19_19,tran_28,module_19_19
prog_tran_28_module_19_5,tran_28,module_19_5
prog_tran_28_module_19_17,tran_28,module_19_17
prog_tran_28_module_19_1,tran_28,module_19_1
prog_tran_29_module_11_6,tran_29,module_11_6
prog_tran_29_module_11_9,tran_29,module_11_9
prog_tran_29_module_11_12,tran_29,module_11_12
prog_tran_29_module_11_17,tran_29,module_11_17
